team_member_id,role,groups,days online,posts,answers,edits to answers,followups,replies to followups
2318,student,,0,0,0,0,0,0
176,student,,0,0,0,0,0,0
4840,student,,0,0,0,0,0,0
6258,student,,0,0,0,0,0,0
2110,student,,0,0,0,0,0,0
5141,student,,0,0,0,0,0,0
10577,student,,0,0,0,0,0,0
6842,student,,0,0,0,0,0,0
9593,student,,0,0,0,0,0,0
7886,student,,0,0,0,0,0,0
9659,student,,0,0,0,0,0,0
6608,student,,0,0,0,0,0,0
#N/A,ta,,0,0,0,0,0,0
3662,student,,0,0,0,0,0,0
8844,student,,0,0,0,0,0,0
4280,student,,0,0,0,0,0,0
6280,student,,0,0,0,0,0,0
7727,student,,0,0,0,0,0,0
2924,student,,0,0,0,0,0,0
6368,student,,0,0,0,0,0,0
2972,student,,0,0,0,0,0,0
1938,student,,0,0,0,0,0,0
5503,student,,0,0,0,0,0,0
1408,student,,0,0,0,0,0,0
6605,student,,0,0,0,0,0,0
6554,student,,0,0,0,0,0,0
3,ta,,0,0,0,0,0,0
#N/A,student,,0,0,0,0,0,0
4844,student,,0,0,0,0,0,0
5395,student,,0,0,0,0,0,0
7450,student,,0,0,0,0,0,0
5127,student,,0,0,0,0,0,0
5863,student,,0,0,0,0,0,0
3503,student,,0,0,0,0,0,0
1548,student,,0,0,0,0,0,0
6607,student,,0,0,0,0,0,0
10182,student,,0,0,0,0,0,0
7957,student,,0,0,0,0,0,0
5316,student,,0,0,0,0,0,0
3664,student,,0,0,0,0,0,0
1716,student,,0,0,0,0,0,0
1547,student,,0,0,0,0,0,0
3019,student,,0,0,0,0,0,0
5820,student,,0,0,0,0,0,0
5819,student,,0,0,0,0,0,0
7778,student,,0,0,0,0,0,0
7780,student,,0,0,0,0,0,0
#N/A,student,,0,0,0,0,0,0
4278,student,,0,0,0,0,0,0
6248,student,,0,0,0,0,0,0
7419,student,,0,0,0,0,0,0
5651,student,,0,0,0,0,0,0
240,student,,0,0,0,0,0,0
9184,student,,0,0,0,0,0,0
1808,student,,0,0,0,0,0,0
10579,student,,0,0,0,0,0,0
5600,student,,0,0,0,0,0,0
2920,student,,0,0,0,0,0,0
1715,student,,0,0,0,0,0,0
3691,student,,0,0,0,0,0,0
6556,student,,0,0,0,0,0,0
#N/A,student,,0,0,0,0,0,0
4434,student,,0,0,0,0,0,0
443,student,,0,0,0,0,0,0
352,student,,0,0,0,0,0,0
8479,student,,0,0,0,0,0,0
5314,student,,0,0,0,0,0,0
1475,student,,0,0,0,0,0,0
611,student,,0,0,0,0,0,0
6348,student,,0,0,0,0,0,0
2575,student,,0,0,0,0,0,0
4084,student,,0,0,0,0,0,0
2495,student,,0,0,0,0,0,0
5924,student,,0,0,0,0,0,0
6129,student,,0,0,0,0,0,0
4505,student,,0,0,0,0,0,0
7418,student,,0,0,0,0,0,0
2631,student,,0,0,0,0,0,0
4507,student,,0,0,0,0,0,0
5394,student,,0,0,0,0,0,0
4508,student,,0,0,0,0,0,0
3696,student,,0,0,0,0,0,0
#N/A,student,,0,0,0,0,0,0
7555,student,,0,0,0,0,0,0
8244,student,,0,0,0,0,0,0
3631,student,,0,0,0,0,0,0
10135,student,,0,0,0,0,0,0
3932,student,,0,0,0,0,0,0
6236,student,,0,0,0,0,0,0
6278,student,,0,0,0,0,0,0
4171,student,,0,0,0,0,0,0
6703,student,,0,0,0,0,0,0
6571,student,,0,0,0,0,0,0
5781,student,,0,0,0,0,0,0
3931,student,,0,0,0,0,0,0
5055,student,,0,0,0,0,0,0
6531,student,,0,0,0,0,0,0
6532,student,,0,0,0,0,0,0
9182,student,,0,0,0,0,0,0
8478,student,,0,0,0,0,0,0
#N/A,student,,0,0,0,0,0,0
6606,student,,0,0,0,0,0,0
5784,student,,0,0,0,0,0,0
10084,student,,0,0,0,0,0,0
444,student,,0,0,0,0,0,0
10184,student,,0,0,0,0,0,0
6326,student,,0,0,0,0,0,0
8243,student,,0,0,0,0,0,0
6366,student,,0,0,0,0,0,0
9594,student,,0,0,0,0,0,0
1807,student,,0,0,0,0,0,0
4176,student,,0,0,0,0,0,0
#N/A,student,,0,0,0,0,0,0
2850,student,,0,0,0,0,0,0
7892,student,,0,0,0,0,0,0
6328,student,,0,0,0,0,0,0
1806,student,,0,0,0,0,0,0
10252,student,,0,0,0,0,0,0
1474,student,,0,0,0,0,0,0
6365,student,,0,0,0,0,0,0
1940,student,,0,0,0,0,0,0
9499,student,,0,0,0,0,0,0
10183,student,,0,0,0,0,0,0
6462,student,,0,0,0,0,0,0
6327,student,,0,0,0,0,0,0
5769,student,,0,0,0,0,0,0
7452,student,,0,0,0,0,0,0
239,student,,0,0,0,0,0,0
7891,student,,0,0,0,0,0,0
684,student,,0,0,0,0,0,0
6572,student,,0,0,0,0,0,0
4915,student,,0,0,0,0,0,0
6120,student,,0,0,0,0,0,0
2931,student,,0,0,0,0,0,0
6427,student,,0,0,0,0,0,0
9596,student,,0,0,0,0,0,0
5315,student,,0,0,0,0,0,0
#N/A,student,,0,0,0,0,0,0
10251,student,,0,0,0,0,0,0
3500,student,,0,0,0,0,0,0
2179,student,,0,0,0,0,0,0
5504,student,,0,0,0,0,0,0
4082,student,,0,0,0,0,0,0
#N/A,student,,0,0,0,0,0,0
6529,student,,0,0,0,0,0,0
10393,student,,0,0,0,0,0,0
1975,student,,0,0,0,0,0,0
6843,student,,0,0,0,0,0,0
4690,student,,0,0,0,0,0,0
5864,student,,0,0,0,0,0,0
2151,student,,0,0,0,0,0,0
1476,student,,0,0,0,0,0,0
8548,student,,0,0,0,0,0,0
3448,student,,0,0,0,0,0,0
2932,student,,0,0,0,0,0,0
5977,student,,0,0,0,0,0,0
9595,student,,0,0,0,0,0,0
6463,student,,0,0,0,0,0,0
6530,student,,0,0,0,0,0,0
4640,student,,0,0,0,0,0,0
7728,student,,0,0,0,0,0,0
9372,student,,0,0,0,0,0,0
4169,student,,0,0,0,0,0,0
2191,student,,0,0,0,0,0,0
5783,student,,0,0,0,0,0,0
5851,student,,0,0,0,0,0,0
8547,student,,0,0,0,0,0,0
8546,student,,0,0,0,0,0,0
5862,student,,0,0,0,0,0,0
6570,student,,0,0,0,0,0,0
4232,student,,0,0,0,0,0,0
10250,student,,0,0,0,0,0,0
4170,student,,0,0,0,0,0,0
10136,student,,0,0,0,0,0,0
1331,student,,0,0,0,0,0,0
5313,student,,0,0,0,0,0,0
5895,student,,0,0,0,0,0,0
5144,student,,0,0,0,0,0,0
1358,student,,0,0,0,0,0,0
1636,student,,0,0,0,0,0,0
10379,student,,0,0,0,0,0,0
4843,student,,0,0,0,0,0,0
2930,student,,0,0,0,0,0,0
3695,student,,0,0,0,0,0,0
4436,student,,0,0,0,0,0,0
244,student,,0,0,0,0,0,0
9495,student,,0,0,0,0,0,0
9091,student,,0,0,0,0,0,0
6464,student,,0,0,0,0,0,0
3504,student,,0,0,0,0,0,0
7726,student,,0,0,0,0,0,0
2482,student,,0,0,0,0,0,0
2484,student,,0,0,0,0,0,0
2481,student,,0,0,0,0,0,0
6367,student,,0,0,0,0,0,0
7556,student,,0,0,0,0,0,0
9660,student,,0,0,0,0,0,0
10219,student,,3,0,0,0,0,0
9497,student,,21,6,7,2,9,9
5610,student,,2,0,0,0,0,0
10580,student,,54,0,0,0,0,0
2190,student,,4,0,1,0,1,0
7478,student,,6,1,0,0,0,0
7292,student,,3,0,0,0,0,0
7890,student,,11,2,0,0,0,0
5262,student,,8,1,0,0,0,1
987,student,,26,1,0,0,0,0
#N/A,student,,2,0,0,0,0,0
4689,student,,3,0,0,0,0,0
3379,student,,0,0,0,0,0,0
6915,student,,4,0,0,0,0,0
6247,student,,3,0,0,0,0,0
3689,student,,21,3,0,0,1,1
5850,student,,158,28,22,2,13,28
4922,student,,6,0,0,0,0,0
4096,student,,1,0,0,0,0,0
1324,student,,3,0,0,0,0,0
5072,student,,7,0,0,0,0,0
2764,student,,14,0,2,0,1,1
7307,student,,1,0,0,0,0,0
#N/A,ta,,104,7,260,8,6,167
6245,student,,2,0,0,0,0,0
1909,instructor,,23,3,0,0,0,0
2922,student,,2,0,0,0,0,0
1275,student,,62,6,1,0,2,2
6015,student,,75,1,2,0,1,2
8477,student,,0,0,0,0,0,0
2180,student,,4,0,0,0,0,0
3408,student,,8,0,0,0,0,0
6113,student,,4,0,0,0,0,0
1274,student,,34,0,0,0,0,0
2189,student,,1,0,0,0,0,0
4081,student,,21,6,0,0,4,5
10133,student,,21,2,0,0,2,4
1329,student,,142,3,0,0,0,1
4277,student,,11,0,0,0,0,0
2923,student,,135,14,7,0,4,6
8843,student,,32,5,0,0,5,1
6014,student,,2,0,0,0,0,0
2496,student,,0,0,0,0,0,0
1893,student,,14,2,0,0,0,0
7130,student,,8,0,0,0,0,0
1473,student,,1,0,0,0,0,0
2837,student,,18,0,0,0,0,0
6936,student,,11,0,0,0,0,0
1282,student,,57,8,1,0,3,2
2904,student,,2,0,0,0,0,0
8841,student,,61,0,0,0,0,0
2763,student,,1,0,0,0,0,0
7449,student,,40,3,2,0,23,36
8169,student,,30,3,0,0,1,5
9319,student,,20,0,0,0,0,0
241,student,,20,3,0,0,1,2
2918,student,,13,0,0,0,0,1
6114,student,,2,0,0,0,0,0
7790,student,,3,0,0,0,0,0
6257,student,,23,0,0,0,0,0
6883,student,,28,0,0,0,1,1
2902,student,,5,0,1,0,1,0
10082,student,,3,0,0,0,0,0
4230,student,,35,0,0,0,0,0
#N/A,student,,14,0,0,0,0,0
4841,student,,19,0,0,0,0,0
3697,student,,49,1,3,1,1,2
10394,student,,14,0,0,0,0,0
2493,student,,20,4,0,0,4,4
10304,student,,1,0,0,0,0,0
5091,student,,0,0,0,0,0,0
5261,student,,6,0,0,0,0,0
5978,student,,5,0,0,0,0,0
3943,student,,1,0,0,0,0,0
5483,student,,1,0,0,0,0,0
8926,student,,0,0,0,0,0,0
1634,student,,27,1,0,0,0,2
6212,student,,10,2,0,0,0,0
9320,student,,24,0,0,0,0,0
3698,student,,3,0,0,0,0,0
5186,student,,4,0,0,0,0,0
5501,student,,0,0,0,0,0,0
350,student,,2,0,0,0,0,0
#N/A,student,,5,0,0,0,0,0
3380,student,,4,0,0,0,0,0
6016,student,,16,0,0,0,0,0
5137,student,,22,0,0,0,0,0
3640,student,,8,0,0,0,0,0
10042,student,,3,1,0,0,0,1
6132,student,,3,0,0,0,0,0
681,student,,81,6,10,2,0,2
2149,student,,9,2,0,0,0,0
3447,student,,24,0,0,0,0,0
6933,student,,15,0,0,0,0,0
4468,student,,3,0,0,0,0,0
7451,student,,1,0,0,0,0,0
10220,student,,4,0,0,0,0,1
5069,student,,6,0,0,0,0,0
10396,student,,2,0,0,0,0,0
627,student,,55,1,0,0,0,0
6209,student,,10,0,0,0,1,0
6701,student,,20,1,0,0,1,1
6647,student,,69,0,0,0,0,0
5143,student,,4,0,0,0,0,0
2471,student,,1,0,0,0,0,0
3797,student,,61,0,0,0,0,0
3661,student,,18,2,11,0,6,3
3061,student,,39,1,0,0,0,0
6233,student,,6,0,0,0,0,0
4500,student,,60,2,0,0,3,4
661,student,,60,0,0,0,0,0
5609,student,,31,0,0,0,0,0
6692,student,,21,0,0,0,4,0
7308,student,,16,0,0,0,0,0
1321,student,,1,0,0,0,0,0
10217,student,,8,0,0,0,0,0
3445,student,,58,2,2,1,1,0
6790,student,,1,0,0,0,0,0
1633,student,,26,3,0,0,2,0
6789,student,,24,1,0,0,4,1
4465,student,,74,5,3,0,1,3
5089,student,,121,6,23,6,7,7
2943,student,,18,0,0,0,0,0
5770,student,,5,0,0,0,0,0
7195,student,,4,0,0,0,0,0
5650,student,,2,0,0,0,0,0
10043,student,,5,1,0,0,0,0
6441,student,,96,0,0,0,0,0
3929,student,,7,0,0,0,1,0
10218,student,,21,0,0,0,0,0
4535,student,,31,1,0,0,0,0
4005,student,,1,0,0,0,0,0
3941,student,,10,0,0,0,0,0
9374,ta,,16,0,0,0,0,0
#N/A,student,,54,5,0,0,0,0
4999,student,,1,0,0,0,0,0
1841,student,,73,0,1,0,2,4
273,student,,46,1,0,0,0,0
2969,student,,0,0,0,0,0,0
8170,student,,3,0,0,0,0,0
6569,student,,14,0,0,0,0,0
3944,student,,15,0,0,0,0,0
1939,student,,16,0,0,0,11,12
971,student,,66,0,0,0,0,0
#N/A,student,,0,0,0,0,0,0
2811,student,,5,0,0,0,0,0
238,student,,5,0,0,0,0,0
4994,student,,0,0,0,0,0,0
4264,student,,1,0,0,0,0,0
5817,student,,9,0,0,0,3,0
6115,student,,2,0,0,0,0,0
3639,student,,1,0,0,0,0,0
2150,student,,3,0,0,0,0,0
5,ta,,136,0,0,0,0,0
6118,student,,0,0,0,0,0,0
4231,student,,129,2,0,0,0,0
1313,student,,43,0,6,2,2,2
5921,student,,3,0,0,0,0,0
4976,student,,12,0,0,0,0,0
9551,student,,0,0,0,0,0,0
3663,student,,2,0,0,0,0,0
10041,student,,6,0,0,0,0,0
2874,student,,10,0,0,0,0,0
4838,student,,0,0,0,0,0,0
6116,student,,1,0,0,0,0,0
2629,student,,4,0,0,0,0,0
7777,student,,8,0,0,0,0,0
4837,student,,1,0,0,0,0,0
7477,student,,15,4,0,0,3,0
5803,student,,27,0,0,0,0,0
6935,student,,6,0,0,0,0,0
1273,student,,4,0,0,0,0,0
363,student,,10,0,0,0,0,0
3020,student,,7,0,0,0,0,0
1546,student,,7,0,0,0,0,0
7193,student,,5,0,0,0,0,0
8218,student,,6,0,0,0,0,0
986,student,,33,0,0,0,0,0
#N/A,student,,40,0,0,0,0,0
3086,student,,114,19,0,0,13,1
6345,student,,5,0,0,0,0,0
3406,student,,37,0,0,0,0,0
5801,student,,143,2,3,1,0,2
4639,student,,4,0,0,0,0,0
4913,student,,25,1,0,0,0,0
1896,student,,27,1,0,0,1,0
10044,student,,2,0,0,0,0,0
5126,student,,1,1,0,0,0,0
274,student,,19,0,0,0,0,0
2695,student,,7,0,0,0,0,0
10380,student,,9,1,0,0,0,0
6442,student,,48,0,0,0,0,0
988,student,,20,2,0,0,0,0
2729,student,,55,0,0,0,1,1
5011,student,,3,0,0,0,0,0
6661,student,,2,0,0,0,0,0
#N/A,student,,80,0,0,0,0,0
1973,student,,119,4,1,0,0,0
3842,student,,5,0,0,0,0,0
5892,student,,8,0,0,0,0,0
6663,student,,0,0,0,0,0,0
6662,student,,4,0,0,0,0,0
5652,student,,9,1,0,0,0,0
5913,student,,7,0,0,0,0,0
#N/A,student,,40,0,0,0,0,0
5804,student,,32,0,0,0,0,0
4995,student,,1,0,0,0,0,0
2875,student,,1,0,0,0,0,0
4804,student,,3,0,0,0,0,0
3794,student,,17,0,0,0,0,0
4083,student,,27,0,0,0,0,1
3694,student,,4,0,0,0,0,0
1545,student,,4,0,0,0,0,0
10378,student,,0,0,0,0,0,0
4094,student,,4,0,0,0,0,0
#N/A,student,,1,0,0,0,0,0
8798,student,,71,3,0,0,2,0
441,student,,5,0,0,0,0,0
2112,student,,11,0,0,0,0,0
#N/A,student,,11,0,0,0,0,0
3064,student,,2,0,0,0,0,0
3622,student,,9,1,0,0,0,0
3405,student,,66,0,0,0,0,0
9139,student,,2,0,0,0,0,0
5553,student,,6,0,0,0,0,0
6913,student,,5,0,0,0,0,0
3063,student,,9,0,0,0,0,0
9138,student,,11,0,0,0,0,0
4433,student,,7,9,0,0,2,0
1276,student,,20,0,0,0,0,0
4093,student,,21,2,0,0,1,1
4435,student,,1,0,0,0,0,0
5125,student,,8,0,0,0,0,0
5014,student,,0,0,0,0,0,0
6461,student,,4,0,0,0,0,0
10662,ta,,44,1,23,6,1,16
2822,student,,13,0,0,0,0,0
4998,student,,1,0,0,0,0,0
5481,student,,28,0,0,0,0,0
3684,student,,6,0,0,0,0,0
5015,student,,5,0,1,0,0,0
7779,student,,6,0,0,0,0,0
7194,student,,13,0,0,0,0,0
7960,student,,11,0,0,0,0,0
1407,student,,3,0,0,0,0,0
5802,student,,11,0,0,0,0,0
6934,student,,19,0,0,0,0,0
8928,student,,10,0,0,0,0,0
4534,student,,3,0,0,0,0,0
4279,student,,0,0,0,0,0,0
7958,student,,7,0,0,0,0,0
3683,student,,10,1,0,0,2,1
3623,student,,12,0,0,0,0,0
5009,student,,15,0,0,0,0,0
4261,student,,13,0,0,0,0,0
237,student,,78,0,0,0,0,0
3700,student,,7,0,0,0,0,0
2632,student,,2,0,0,0,0,0
6456,student,,4,0,0,0,0,0
5056,student,,14,0,0,0,0,0
4368,student,,0,0,0,0,0,0
2901,student,,114,1,1,0,1,0
5016,student,,0,0,0,0,0,0
7289,student,,38,8,2,0,8,3
7791,student,,6,0,0,0,0,0
5554,student,,22,0,0,0,0,0
3637,student,,24,0,0,0,0,0
1714,student,,9,0,0,0,0,0
10301,student,,26,2,0,0,1,0
3930,student,,25,6,5,4,4,12
#N/A,student,,24,2,0,0,1,0
5891,student,,6,0,0,0,0,0
2840,student,,6,0,0,0,1,0
628,student,,85,2,0,0,1,0
6443,student,,27,0,0,0,0,0
3502,student,,3,1,0,0,0,0
#N/A,student,,28,0,0,0,0,0
2145,ta,,233,0,0,0,0,0
5000,student,,2,0,0,0,0,0
5071,student,,1,0,0,0,0,0
3796,student,,2,0,0,0,0,0
1976,student,,6,0,0,0,0,0
1974,student,,17,0,0,0,0,0
2730,student,,1,0,0,0,0,0
1295,student,,1,0,0,0,0,0
1357,student,,5,0,0,0,0,0
5092,student,,153,0,0,0,0,0
2917,student,,7,0,0,0,0,0
2903,student,,15,2,0,0,0,0
4916,student,,3,0,0,0,0,0
2810,student,,4,0,0,0,0,0
5861,student,,2,0,0,0,0,0
10181,student,,2,0,0,0,0,0
2732,student,,48,0,0,0,0,0
2944,student,,0,0,0,0,0,0
4506,student,,1,0,0,0,0,0
2177,student,,8,0,0,0,0,0
6884,student,,36,0,0,0,0,0
3629,student,,4,0,0,0,0,0
6645,student,,78,0,0,0,0,0
8842,student,,33,0,0,0,0,0
626,student,,99,3,0,0,0,0
7792,student,,2,0,0,0,0,0
5751,student,,1,0,0,0,0,0
3088,student,,5,0,0,0,0,0
5890,student,,1,0,0,0,0,0
5649,student,,25,1,0,0,0,0
349,student,,59,1,0,0,0,0
5612,student,,4,1,0,0,0,0
8171,student,,2,0,0,0,0,0
1330,student,,69,4,0,0,2,0
4856,student,,6,0,0,0,0,0
7132,student,,1,0,0,0,0,0
6346,student,,4,0,0,0,1,0
8480,student,,1,0,0,0,0,0
7885,student,,44,1,1,3,3,0
9318,student,,37,2,1,1,4,3
4267,student,,14,0,0,0,0,0
3638,student,,28,0,1,0,0,2
442,student,,14,0,0,0,0,0
2470,student,,63,5,1,0,1,5
6690,student,,5,0,0,0,0,0
7888,student,,26,0,0,0,0,0
4691,student,,10,0,0,0,0,0
9552,student,,1,0,0,0,0,0
1532,student,,2,0,1,0,0,0
6347,student,,2,0,0,0,0,0
4924,student,,82,2,1,1,4,1
8211,student,,25,1,0,0,0,2
5750,student,,1,0,0,0,0,0
1293,student,,9,0,0,0,0,0
3699,student,,0,0,0,0,0,0
5894,student,,1,0,0,0,0,0
1332,student,,107,1,0,0,0,0
5916,student,,2,0,0,0,0,0
7417,student,,2,1,0,0,0,0
612,student,,2,0,0,0,0,0
6882,student,,18,0,0,0,0,0
972,student,,3,0,0,0,0,0
969,student,,42,7,3,3,3,2
663,student,,11,0,0,0,0,0
3693,student,,8,0,0,0,0,0
3692,student,,2,0,0,0,0,0
4266,student,,6,0,0,0,0,0
4262,student,,21,0,0,0,0,0
9550,student,,5,1,0,0,2,1
6259,student,,8,0,0,0,0,0
4853,student,,69,20,7,4,14,14
1894,student,,37,0,0,0,0,0
9317,student,,29,0,0,0,0,0
4366,student,,7,0,0,0,0,0
1635,student,,12,0,0,0,3,2
6119,student,,0,0,0,0,0,0
10083,student,,3,0,0,0,0,0
4466,student,,36,0,0,0,0,0
4499,student,,15,0,0,0,0,0
5896,student,,2,0,0,0,0,0
#N/A,student,,77,0,0,0,0,0
2358,student,,6,2,0,0,0,0
88,student,,46,0,2,0,1,1
5914,student,,2,0,0,0,0,0
5188,student,,37,1,0,0,1,2
6648,student,,35,1,0,0,0,1
5263,student,,3,0,0,0,0,0
3682,student,,2,0,0,0,0,0
174,student,,3,0,0,0,0,0
8219,student,,2,0,0,0,0,0
2731,student,,15,0,0,0,0,0
5922,student,,1,0,0,0,0,0
3795,student,,7,2,0,0,0,0
1360,student,,3,0,0,0,0,0
5482,student,,0,0,0,0,0,0
3841,student,,2,0,0,0,0,0
6704,student,,12,0,0,0,0,0
6454,student,,1,0,0,0,0,0
4975,student,,35,0,0,0,2,0
9140,student,,4,0,0,0,0,0
7959,student,,19,0,1,0,0,0
8799,student,,11,0,0,0,0,0
5264,student,,0,0,0,0,0,0
3681,student,,4,1,0,0,0,0
4265,student,,2,0,0,0,0,0
5923,student,,3,0,0,0,1,0
1294,student,,5,0,0,0,0,0
2357,student,,4,0,0,0,0,0
2469,student,,34,5,1,0,3,6
6453,student,,7,0,0,0,1,4
5128,student,,4,0,0,0,0,0
1844,student,,78,0,0,0,0,0
1970,student,,3,0,0,0,0,0
6325,student,,9,0,0,0,0,0
8172,student,,2,0,0,0,0,0
2693,student,,26,14,0,0,6,3
2821,student,,27,0,0,0,0,0
2472,student,,15,0,0,0,0,0
4367,student,,9,0,0,0,0,0
6130,student,,6,0,0,0,0,0
86,student,,2,0,0,0,0,0
3690,student,,15,2,0,0,0,0
4923,student,,16,0,0,0,0,0
7479,student,,0,0,0,0,0,0
#N/A,ta,,125,0,103,6,0,100
3377,student,,21,0,0,0,0,0
#N/A,student,,2,0,0,0,0,0
5140,student,,1,0,0,0,0,0
3942,student,,11,0,0,0,0,0
7196,student,,2,0,0,0,0,0
6246,student,,4,1,0,0,0,0
2838,student,,8,0,0,0,0,1
2359,student,,19,0,0,0,0,0
9081,student,,24,4,0,0,2,2
4921,student,,4,0,0,0,0,0
1713,student,,7,1,0,0,0,0
8209,student,,15,0,0,0,0,0
9137,student,,4,0,0,0,0,0
5393,student,,15,3,1,0,1,1
6455,student,,1,0,0,0,0,0
9082,student,,5,0,0,0,0,0
4013,student,,7,3,0,0,1,1
682,student,,7,0,0,0,0,0
6664,student,,3,0,0,0,0,0
3800,student,,20,0,0,0,0,0
3621,student,,31,0,0,0,0,0
#N/A,student,,4,0,0,0,0,0
5611,student,,1,0,0,0,0,0
3062,student,,20,1,0,0,0,0
8220,student,,0,0,0,0,0,0
4997,student,,1,0,0,0,0,0
6117,student,,39,0,0,0,0,0
1359,student,,1,0,0,0,0,0
1972,student,,6,0,0,0,0,0
9083,student,,9,0,0,0,0,0
9089,student,,2,0,0,0,0,0
5396,student,,26,5,3,0,7,1
6277,student,,62,0,0,0,4,1
5090,student,,4,1,0,0,0,0
4365,student,,22,2,0,0,3,3
5053,student,,20,0,0,0,0,1
7305,student,,6,2,0,0,0,0
7554,student,,26,3,2,0,2,1
2762,student,,4,1,0,0,0,0
2630,student,,19,1,0,0,2,1
3378,student,,0,0,0,0,0,0
4015,student,,10,0,0,0,0,0
4736,student,,2,0,0,0,0,0
1281,student,,15,0,0,0,0,0
4014,student,,2,0,0,0,0,0
#N/A,student,,73,0,1,0,0,0
4102,student,,6,0,0,0,0,0
4016,student,,1,0,0,0,0,0
1971,student,,1,0,0,0,0,0
7887,student,,6,0,0,0,0,0
5010,student,,10,0,0,0,0,0
1529,student,,32,2,0,0,0,2
#N/A,student,,12,1,0,0,1,1
10377,student,,1,0,0,0,0,0
6689,student,,3,0,0,0,0,0
8212,student,,5,0,0,0,0,0
6555,student,,3,0,0,0,0,0
9084,student,,28,2,0,0,1,1
10578,student,,5,0,0,0,0,0
8280,student,,13,0,0,0,0,0
#N/A,student,,26,1,0,0,0,0
6792,student,,6,0,0,0,0,0
662,student,,28,2,0,0,2,0
10395,student,,6,0,0,0,0,0
4854,student,,2,0,0,0,0,0
#N/A,ta,,46,0,0,0,0,0
2079,student,,7,0,0,0,0,0
3087,student,,28,0,0,0,0,0
2077,student,,7,0,0,0,0,0
7889,student,,3,0,0,0,0,0
5556,student,,17,1,0,0,0,0
683,student,,23,0,0,0,0,0
3497,student,,9,0,0,0,0,0
5013,student,,8,0,0,0,0,0
1991,ta,,16,0,0,0,0,0
1969,student,,31,7,2,0,5,0
6425,student,,55,9,0,0,2,5
9657,student,,1,0,0,0,0,0
812,student,,1,0,0,0,0,0
275,student,,8,0,0,0,0,0
9090,student,,5,0,0,0,0,0
5893,student,,18,0,0,0,0,0
1937,student,,1,0,0,0,0,0
9496,student,,1,0,0,0,0,0
1283,student,,7,1,0,0,0,0
811,student,,39,0,0,0,0,0
1322,student,,2,0,0,0,0,0
5749,student,,1,0,0,0,0,0
9370,student,,15,0,0,0,8,6
4973,student,,23,1,0,0,0,0
5979,student,,1,0,0,0,0,0
4974,student,,52,0,0,0,0,0
276,student,,2,1,0,0,0,0
2809,student,,29,0,0,0,1,0
6691,student,,2,0,0,0,0,0
2696,student,,7,0,0,0,0,0
10249,student,,5,0,0,0,0,0
2824,student,,12,0,0,0,0,0
4734,student,,1,0,0,0,0,0
3501,student,,2,0,0,0,0,0
8927,student,,11,0,0,0,0,0
6260,student,,2,0,0,0,0,0
6234,student,,1,0,0,0,0,0
2573,student,,109,13,1,1,3,3
2576,student,,1,0,0,0,0,0
5555,student,,34,1,1,0,1,0
4007,student,,7,2,1,0,0,0
4855,student,,2,0,0,0,0,0
7131,student,,3,1,0,0,0,0
2192,student,,1,0,0,0,0,0
4101,student,,44,0,0,0,1,0
1406,student,,4,0,0,0,2,1
4173,student,,9,0,0,0,0,0
1316,student,,0,0,0,0,0,0
3799,student,,38,0,0,0,0,0
10302,student,,30,2,0,0,1,0
87,student,,2,0,0,0,0,0
243,student,,20,0,0,0,0,0
173,student,,39,6,5,1,4,5
2320,student,,0,0,0,0,0,0
2494,student,,1,0,0,0,0,0
5502,student,,18,1,0,0,0,0
4536,student,,3,0,0,0,0,0
8210,student,,9,0,0,0,0,0
5772,student,,1,0,0,0,0,0
2109,student,,123,2,0,0,0,0
5752,student,,2,0,0,0,0,0
4802,student,,0,0,0,0,0,0
#N/A,student,,1,0,0,0,0,0
2111,student,,14,4,0,0,5,9
1323,student,,11,1,0,0,0,0
6235,student,,1,0,0,0,0,0
6916,student,,6,0,0,0,0,0
8800,student,,33,1,0,0,0,0
#N/A,student,,3,0,0,0,0,0
5054,student,,1,0,0,0,0,0
3407,student,,7,0,0,0,0,0
625,student,,116,12,0,0,8,4
7129,student,,30,11,0,0,13,15
9092,student,,18,2,0,0,2,0
4533,student,,127,9,3,0,16,9
610,student,,12,0,0,0,0,0
609,student,,74,0,0,0,1,2
970,student,,100,2,8,9,3,4
3018,student,,44,0,0,0,0,0
2078,student,,4,0,0,0,0,0
6444,student,,10,0,0,0,0,0
1315,student,,4,0,0,0,0,0
1843,student,,7,0,0,0,0,0
6211,student,,38,3,0,0,0,0
8277,student,,7,0,0,0,0,0
4268,student,,18,0,0,0,0,0
10081,student,,5,0,0,0,0,0
809,student,,31,3,1,0,1,0
5818,student,,2,0,0,0,0,0
361,student,,19,0,0,0,0,0
8241,student,,5,0,0,0,0,0
5070,student,,2,0,0,0,0,0
3798,student,,47,0,0,0,0,0
2941,student,,150,2,2,0,0,0
5599,student,,18,1,0,0,0,0
6881,student,,19,0,0,0,0,0
4498,student,,25,1,0,0,1,0
9369,student,,11,0,0,0,1,2
3624,student,,8,0,0,0,0,0
5849,student,,14,0,0,0,0,0
7291,student,,4,0,0,0,0,0
5980,student,,12,0,0,0,0,0
6428,student,,0,0,0,0,0,0
6210,student,,14,1,0,0,1,3
8217,student,,15,0,0,0,0,0
1842,student,,36,0,0,0,0,0
3630,student,,12,0,0,0,0,0
4842,student,,22,3,2,0,5,9
3499,student,,7,0,1,1,0,0
7789,student,,3,0,0,0,0,1
2970,student,,5,0,0,0,0,0
6646,student,,56,0,0,0,0,0
2319,student,,4,0,0,0,0,0
5597,student,,16,1,2,0,2,5
362,student,,1,0,0,0,0,0
3085,student,,39,3,0,0,2,2
6914,student,,3,0,0,0,0,0
6426,student,,13,0,0,0,0,0
#N/A,student,,11,0,0,0,0,0
1895,student,,68,2,0,0,1,1
2929,student,,5,1,0,0,1,0
364,student,,12,1,0,0,0,0
5484,student,,0,0,0,0,0,0
4692,student,,20,0,0,0,0,0
5187,student,,4,0,0,0,0,0
5915,student,,39,0,0,0,0,0
1530,student,,0,0,0,0,0,0
3498,student,,10,0,0,0,0,0
9371,student,,3,0,0,0,0,0
9498,student,,0,0,0,0,0,0
1284,student,,7,0,0,0,0,0
2839,student,,26,0,0,0,1,2
7306,student,,11,1,1,0,2,2
#N/A,student,,21,0,1,0,2,2
8242,student,,5,0,0,0,0,0
175,student,,0,0,0,0,0,0
9493,student,,13,0,0,0,0,0
9183,student,,2,0,0,0,0,0
5852,student,,13,0,0,0,0,0
4006,student,,1,0,0,0,0,0
2574,student,,66,1,1,0,1,0
8279,student,,8,3,0,0,2,0
4103,student,,4,0,0,0,0,0
4104,student,,9,0,0,0,0,0
5012,student,,11,0,0,1,0,0
5598,student,,7,0,0,0,0,0
4174,student,,28,6,2,0,2,2
5782,student,,3,0,0,0,0,0
9549,student,,4,0,0,0,0,0
2852,student,,7,0,0,0,0,0
4638,student,,31,0,0,0,4,1
4914,student,,4,2,0,0,3,1
2823,student,,3,0,0,0,0,0
4993,student,,0,0,0,0,0,0
2971,student,,10,0,0,0,0,0
7553,student,,45,15,7,2,5,9
3793,student,,1,0,0,0,0,0
5771,student,,2,0,0,0,0,0
9494,student,,1,0,0,0,0,0
4175,student,,3,0,0,0,0,0
7420,student,,2,0,0,0,0,0
6013,student,,8,0,0,0,0,0
2942,student,,93,0,0,0,0,0
9658,student,,2,0,0,0,1,0
4733,student,,9,0,0,0,0,0
9500,student,,2,1,0,0,0,0
4095,student,,6,0,0,0,0,0
1405,student,,12,0,0,0,0,0
4229,student,,30,0,0,0,0,1
6702,student,,74,0,0,0,0,0
1296,student,,4,0,0,0,0,0
5142,student,,4,0,0,0,0,0
4839,student,,0,0,0,0,0,0
1531,student,,12,5,1,0,2,0
#N/A,ta,,109,16,4,0,0,10
9181,student,,13,3,0,0,1,1
5139,student,,56,8,0,0,4,0
2483,student,,7,1,0,0,3,2
2178,student,,3,0,0,0,0,0
2921,student,,15,1,0,0,0,2
6841,student,,24,0,0,0,0,0
6844,student,,1,0,0,0,0,0
5185,student,,20,1,0,0,0,0
7290,student,,6,0,0,0,0,0
8797,student,,83,5,0,0,3,1